address,bean_crv_token,bean,unripe_bean_crv_token,unripe_bean
0xc1e088fc1323b20bcbee9bd1b9fc9546db5624c5,26707199607649170000,19245444.64,119388632.5,75646645.97
0x9f64674cab93986254c6329c4521c4f9737af864,,,,412635.03
0x79645bfb4ef32902f4ee436a23e4a10a50789e54,,,,24273.58
0xe7baf7af12e6b18c8cdd32292c6f06840cf71442,,0,,14586.81
0xaa4f23a13f25e88ba710243dd59305f382376252,,49.7,,8798.35
0x1860a5c708c1e982e293aa4338bdbcafb7cb90ac,,,,4269
0x8687c54f8a431134cde94ae3782cb7cba9963d12,,,,3640
0x93be7761f4c7153bc462a50f9eb5eb424c39c2cd,,0,0,2368.11
0xcfc46bf36f50bc2be1fac0c3aa09bbd32ac727f7,,,,1087.62
0x9821aac07d0724c69835367d596352aaf09c309c,72547371131417,0,6757.15,1005.04
0xf05b641229bb2aa63b205ad8b423a390f7ef05a7,,,0,726.88
0xb1d47d39c3bb868e5e4be068b7057d4caad0b31c,,0,,295.07
0x4b9184df8fa9f3fc008fcde7e7bbf7208ef5118d,,,,100
0xc42593f89d4b6647bff86fa309c72d5e93a9405c,,,,50
0x542a94e6f4d9d15aae550f7097d089f273e38f85,,,,7.26
0x1397c24478cbe0a54572adec2a333f87ad75ac02,,,,0.04
0x6a3e09694bdf65da8f6bf6bfad147811100f4c40,,,,0
0x3cc6cc687870c972127e073e05b956a1ee270164,,0,,0
0xd45accf4512af9ceac4c3ab0e770f54212cdf9ac,,0,500,0
0x1083d7254e01becd64c3230612bf20e14010d646,,0,,0
0x66b19a1241fd54fe74dd8e40b7df8c419492e423,,,,0
0xef5939492958abb8488ce5a5c68d61ac29c07732,,,0,0
0x85312d6a50928f3ffc7a192444601e6e04a428a2,,0,,0
0xf6aaada76ea7f044ffa028565b028740dce5389f,,0,,0
0x1d7603b4173d52188b37f493107870bc9b4ce746,,0,,0
0xae94fc8403b50e2d86a42acc6565f8e0fa68a31b,,0.56,,0
0x1d7603b4173d52188b37f493107870bc9b4ce746,,0,,0
0xf6aaada76ea7f044ffa028565b028740dce5389f,,0,,0
0x6d3f3553b5c369c7cee68c07d0b222103f37a0c3,0,0,0,0
0x85d365405dfcfeecdbd88a7c63476ff976943c89,,,,0
0xd67acddb195e31ad9e09f2cbc8d7f7891a6d44bf,,0,,0
0x8342e88c58aa3e0a63b7cf94b6d56589fd19f751,,0,,0
0x0ccbcaa60d8b59bdf751b70ee623d58c609170ac,,,,0
0xfd446abde36c9dc02bb872303965484330eda047,,,,0
0x3dd413fd4d03b1d8fd2c9ed34553f7dec3b26f5c,,,,0
0x3bb6c5d9883556aca4305a46ddffc67fcca39352,,0,0,0
0x66b19a1241fd54fe74dd8e40b7df8c419492e423,,,,0
0xb899183a31501d3641e6a2ab210c857b8923c800,,,,0
0xb4d12acf58c79c23af491f2ef0039f1c57abe277,,,,0
0x85312d6a50928f3ffc7a192444601e6e04a428a2,,0,,0
0x79441586c6c860a62492467b9d44d2649651633f,,0,0,0
0x578bd31b74941eed1a0c924130fef47181766a42,,0,,0
0x3cc6cc687870c972127e073e05b956a1ee270164,,0,,0
0x2e010a776c51550d30699bf87cfb574b42a48ee0,,,,0
0x26258096ade7e73b0fcb7b5e2ac1006a854deef6,,0.45,,0
0xef5939492958abb8488ce5a5c68d61ac29c07732,,,0,0
0xd45accf4512af9ceac4c3ab0e770f54212cdf9ac,,0,500,0
0x0000000000000000000000000000000000000000,-2.67074E+19,-35425867.9,-119449263.8,-76120488.75
0x59f77d72f4d6b35bedf107616e6f3ad30adc96e8,,0,,
0x0bd6d43e080ff7e2fe7bd01a2b575a2cc863ea6f,,0,,
0x431e52e4993c4b7b23f587cf96bc2fe510037be4,,0.06,,
0xff5075e22d80c280cd8531bf2d72e19dfbc674b7,,0,,
0xef764bac8a438e7e498c2e5fccf0f174c3e3f8db,,0,,
0x5a407865411253e5a991d3e49e8bc7a1fdbe82b0,,0,,
0x594785ae419d314e211841abe4c97f6d199234b0,,0,,
0x4465c4474703bb199c6ed15c97b6e32bd211cf9d,,0,,
0x7aa53f17456863d0ff495b46e84eee2fe628ccd2,,0,,
0x4a24e54a090b0fa060f7faaf561510775d314e84,,0,,
0x891768b90ea274e95b40a3a11437b0e98ae96493,,0,,
0x4ec2dcdfb3c165da62dd1367cb42fe7551524984,0,,,
0x2bf046a052942b53ca6746de4d3295d8f10d4562,,0,,
0x85eada0d605d905262687ad74314bc95837db4f9,,0,,
0xd0988045f54baf8466a2ea9f097b22eeca8f7a00,,0,,
0x708e5804d0e930fac266d8b3f3e13edba35ac86e,,,0,
0x19cf79e47c31464ac0b686913e02e2e70c01bd5c,100902077855845,0.01,,
0xfa9d9208627ea8c35215f7df409bf1f5110d2486,,0,,
0x525fbe4bc0607933f4be05ceb22f8a4b6b01800a,,0,,
0x8d7ee51ec16a0f95c7f241582de8cffb9a4c2293,,0,,
0xbfe4ec1b5906d4be89c3f6942d1c6b04b19de79e,,660.28,,
0x177f44ecdea293f7124c3071d9c54e59fcfd16f9,,0,,
0x0b5a8323f067c89849b221afd7da41d8b7a60b93,,0,,
0xcbd7712d9335a7a38f35b38d5dc9b5970f04e8fd,,348.82,,
0x48c7e0db3dad3fe4eb0513b86fe5c38ebb4e0f91,,250,,
0xde40aad5e8154c6f8c31d1e2043e4b1cb1745761,,0,,
0xe874946c5876e5e6a9fbc1e17db759e06e3b3ffe,,0,,
0xc08f967ed52dcffd5687b56485ee6497502ef91d,,0,,
0x69e02d001146a86d4e2995f9ecf906265aa77d85,,0,,
0x1c694fc3006d81ff4a56f97e1b99529066a23725,,0,,
0x4179fb53e818c228803cf30d88bc0597189f141c,,0,,
0x9832ee476d66b58d185b7bd46d05cbcbe4e543e1,,0,,
0x2c820271ade646fdb3d6d0002712ee6bdc7dc173,,0,,
0x2b816a1afb2cfa9fb13e3f4d5487f0689187fbdb,,10000,,
0xb916dbcdcfde1ef92ddf749332d4af22b98b5191,,0,,
0xca210d9d38247495886a99034ddff2d3312da4e3,,0,,
0xab9497de5d2d768ca9d65c4efb19b538927f6732,,0,,
0x87263a1ac2c342a516989124d0dba63df6d0e790,,0,,
0xccf00d42bdea5fff0b46dd18a5e23fc8ac85a4aa,,0,,
0xb09ffb206dda09b6bc556b093ed28903872ad124,,0,,
0x7b2366996a64effe1af089fa64e9cf4361fddc6e,,0,,
0x1b91e045e59c18aefb02a29b38bccd46323632ef,,0,,
0x37a6156e4a6e8b60b2415af040546cf5e91699bd,,0,,
0x3a1ee37775bd856de7065c7ed624ba737379da6a,,0,,
0xd74eb810af0d07b1b2308069404c8ae9c2133359,,0,,
0x7ffada80929a732f93d648d92cc4e052e2b9c4aa,,0,,
0xd03c52b3256b5e102ce4bf6bb53d4be9d9963838,,0,,
0x09c88f29a308646204d11383c6139d9c93efb6b8,,0,,
0x13201714657f8b211f72c5050aeb146d1fafc890,,0,,
0xc64d472cc19c2a9fae649ec2dcdcff87ca94f7de,,0,,
0xf9d183af486a973b7921ceb5fdc9908d12aab440,,0,,
0xc0985b8b744c63e23e4923264effac7535e44f21,,0,,
0xb73a795f4b55dc779658e11037e373d66b3094c7,,0,,
0x48a2bc5dc9e3c5c0421e0483bf0648aaee87daca,,0,,
0xdc4f9f1986379979053e023e6afa49a65a5e5584,,0,,
0x5f37479c76f16d94afcc394b18cf0727631d8f91,,0,,
0xb1f0e758951a02b24d04dd211d0424445ae04c5c,7458542583537,0.01,,
0x85806019a442224d6345a1c2ed597d8a5dce1f2b,0,,,
0xfb8a7286faba378a15f321cd82425b6b5e855b27,,0,,
0x1b5be65af082a30fcf34fe639181977876ad74dd,,0,,
0x11dd6f9e1a7bb35a61fada4aec645f603050783e,,6436.06,,
0x6b99a6c6081068aa46a420fdb6cfbe906320fa2d,,17.63,,
0x36144015872cf2d1d1498cf6df7fae2880c1f079,,0,0,
0x2a8eac696c57a38ac79ae6168e8310306b4d7e9c,,0,,
0xb816b9ef17535b5ca2071e005da994a1f1eb3a16,,0,,
0xa9b13316697deb755cd86585de872ea09894ef0f,,0,,
0xa59eabb3db0042d13d4e821d7c1507d270ef4051,,133.45,,
0x952ea9dc718a8af41aa9f66a2cdf33fd68adefaf,0,,,
0x1dc2dc7110f8ee61650864ad6680fe8144b7d6f9,,0,,
0x5338035c008ea8c4b850052bc8dad6a33dc2206c,0,0,,
0xc0fcfd732d6ed4ad1afb182a080f31e74fc0f28d,,0,,
0xf493fd087093522526b1ff0a14ec79a1f77945cf,,20.49,,
0x1bfb00d16514560bb95d4312fdd39553395077af,,0,,
0xb3b0eff26c982669a9ba47b31ac6b130a4721819,,0,,
0x7004051a1baf0a89a568a8fa68dad7e5b9790063,,0,,
0x032865e6e27e90f465968ffc635900a4f7ceeb84,,0,,
0x1e5c29702b770d5519932367129973bd63740392,,0,,
0xe4b420f15d6d878dcd0df7120ac0fc1509ee9cab,,0,,
0x777d0dcc4615ccfe3e575c20219fdf0bbe8251c7,,324.11,,
0x6d42977a60aef0de154dc255de03070a690cf041,,0,,
0x828920ee37fcf523a920290fb9e23b3386382497,,0,,
0x87316f7261e140273f5fc4162da578389070879f,,469.22,,
0x19dfdc194bb5cf599af78b1967dbb3783c590720,,0,,
0x030ae585db6d5169b3594ec37c008662f2494a1d,,81.13,,
0xbdaaa4d3ab02badbd2c1b5adaf673184b62fe7ee,0,0,,
0x4432e64624f4c64633466655de3d5132ad407343,,0.07,,
0xc9c32cd16bf7efb85ff14e0c8603cc90f6f2ee49,0,14560688.32,,
0x8a30d3bb32291dbbb5f88f905433e499638387b7,,0,,
0xe2cfba3e0a8ce0825c5cbefdc60d7e78cc35aaf3,,0,,
0x3f6babbf1a9dfb3039dc932986d4a9658234fe21,,0,,
0xd15b5fa5370f0c3cc068f107b7691e6dab678799,,0,,
0xa7194f754b5befc3277d6bfa258028450da654ba,,33.04,,
0x93f8a0163fba0e231356e4d1e2ffe95a247fe369,,0,,
0x4f8d7711d18344f86a5f27863051964d333798e2,,0,,
0x3849a135d541232af220bb839ee1ce7e2165ed7d,,0,,
0xef6c4192c8530a2502e153bdc2256dd72ab445e4,,0,,
0xdf39603397764512b6147740cad2ea669bfc3ffa,,0,,
0x83c9ec651027e061bcc39485c1fb369297bd428c,,0,,
0xbd3af41fca3511a04ad195de502318e625401a93,,0,,
0x75971932ea81a401db5dbafeda3a1307cae2928e,,0,,
0x4062ec809b341660262ce22dab11e4bc5cecd622,0,0,,
0x137604307665d24c22c37d903cebb5f7b411c50e,,0,,
0x97b60488997482c29748d6f4edc8665af4a131b5,,0,,
0x24f8ecf02cd9e3b21ceb16a468096a5f7f319ef3,,0,,
0xd985937f350b2e636137dfe9e4c1f64ca12a9cdd,,0,,
0x1285a2151642e8e47cfd57719fea565b649bb5c9,,0,,
0x734a6263fe23c1d68ec9042e03082575c34c968c,0,0,,
0x17372637a937f7427871573a85e6fac2400d147f,,0,,
0x87a62b0b5f0dcd16a3d92fb19b188c9ff9f067c2,,0,,
0x9ec255f1af4d3e4a813aadab8ff0497398037d56,0,0,,
0xe1d86a7088d05398a2b9ba566be0b3c5ffa5d9af,,0,,
0x9cfd5052dc827c11a6b3ab2bb5091773765ea2c8,,0,,
0xb440e219660775342186620768ec03cf304c2c4d,,0,,
0xb06ff7d5560f213937fc723cc65366415b7821bd,,0,,
0xf1fced5b0475a935b49b95786adbda2d40794d2d,,0,,
0x8e75ba859f299b66693388b925bdb1af6eec60d6,,0,,
0xee80ae11bb6c5e5c72a0adbba039620cc78716a8,,0,,
0xef6fa3307af6ab6ddcc4826c4945041dd5c18d4b,,0,,
0x52ccff5c85314bbe4d9c019ee57e5b45ad08b0db,,0,,
0xc1146f4a68538a35f70c70434313fef3c4456c33,,0,,
0xdb4fbc231f1d2b3b4c3d9e1602c895806fb06278,,0,,
0xdf29ee8f6d1b407808eb0270f5b128dc28303684,,0,,
0x387dfb7fca2606acaacd769fb59803f6539c8269,,0,,
0xc1fe2bb036e3fc9eddcc83304dbe752881087cdf,,0,,
0x264c1cbec44f201d0ebe67b269d16b3edc909c61,,33.8,,
0x7df40fde5e8680c45bfedafcf61dd6962e688562,,47.94,,
0x65f992c16cb989b734a1d3ccaf13713391afa6d3,0,0,,
0x12f1412fecbf2767d10031f01d772d618594ea28,,0,,
0x0dc5e243e53295238625bbaa66341141a9152e8b,,0,,
0xb32d57f94542ebfad5073adf62d70d812ddba0a5,,0.27,,
0x6548e2bd0d5c4dd24428699e613c97ce0a84df4b,,0,,
0x94fdfea0f8e66f245d242796b735b6070d52f6dd,,0,,
0x9ada95ce2a188c51824ef76dd49850330af7545f,,0,,
0xb81d739df194fa589e244c7ff5a15e5c04978d0d,,0,,
0x555b6ee8fab3dfdbcca9121721c435fd4c7a1fd1,,0,,
0x925753106fcdb6d2f30c3db295328a0a1c5fd1d1,0,0,,
0x1b2d23b51aa27c64d8b3349a47a56f27ab0223b2,,800,,
0x764bd4feb72cb6962e8446e9798acec8a3ac1658,,0,,
0x36998db3f9d958f0ebaef7b0b6bf11f3441b216f,,0,,
0xc52a0b002ac4e62be0d269a948e55d126a48c767,,6.89,,
0x31e6e101fc123f90f0b8c50f750a9dfaf3e20321,,0,,
0xb6df387d7ff5ded6a09edc941c153772a7c42011,,0,,
0x2a5c5e614ac54969790c8e383487289cbaa0af82,,0,,
0x4c180462a051ab67d8237ede2c987590df2fbbe6,,0,,
0x41dd131e460e18befd262cf4fe2e2b2f43f6fb7b,,1.16,,
0x28570d9d66627e0733dfe4fca79b8fd5b8128636,,0,,
0xcc977dfb5c0a7e1bd87145f56502ac67c951eb6a,,0,,
0x30a1fbfc214d2af0a68f6652a1d18a1b71dfa9ea,,0,,
0x451b8763651380fb8b49af4fd6953afe3a294f48,,0,,
0xd441c97ef1458d847271f91714799007081494ef,,0,,
0xd43324eb6f31f86e361b48185797b339242f95f4,,0,,
0x97a5370695c5a64004359f43889f398fb4d07fb1,,0,,
0xc51fefb9ef83f2d300448b22db6fac032f96df3f,,0,,
0xffe8e5d3401c48dfa05f6c6ee3b5cbbd2cb83f30,,0,,
0x4a2d3c5b9b6dd06541cae017f9957b0515cd65e2,,144.66,,
0x4aae8e210f814916778259840d635aa3e73a4783,0,,,
0xfe5c7e0f6282ef213f334a7c4c8ec0bfa8c2884e,,0,,
0x1477bbce213f0b37b05e3ba0238f45d658d9f8b1,,0,,
0x99854ba0a00012336fb508c082e5bd974333dbd3,0,0,,
0x344ad299696b37ab1b2d81ee19ab382d606c8b91,,0,,
0xf086898a7db69da014d79f7a86cc62d29f84d7b7,,0,,
0x08b4aeb2b1475214aa7a3e9acc6c5e359796f297,,0,,
0xc12df5f402a8b8beaea49ed9bad9c95fccbfe907,,1.17,,
0x4d7d2d9add39776bba47a8f6473a6257dd897702,0,0,,
0x79608c564704fdfc1d7de7e512995c907f46ca07,,0,,
0xaa790bd825503b2007ad11faff05978645a92a2c,,0,,
0xdff24806405f62637e0b44cc2903f1dfc7c111cd,,0,,
0x16ead66586ab33a4f43c770e30b013dd950fe026,,0,,
0x30d3174ce04f1e48c18b1299926029568cf4e1d6,,0,,
0xf2f400c138f9fb900576263af0bc7fcde2b1b8a8,,0,,
0x1b15ed3612cd3077ba4437a1e2b924c33d4de0f9,,0,,
0xc1a9bc22cc31ab64a78421befa10c359a1417ce3,,0,,
0xd2927a91570146218ed700566df516d67c5ecfab,,0,,
0x8fe7261b58a691e40f7a21d38d27965e2d3afd6e,,0,,
0xc56725de9274e17847db0e45c1da36e46a7e197f,,0,,
0x03ac4284cef2a05cc10160b54124fd0d447f092a,,3000,,
0x394c357db3177e33bde63f259f0eb2c04a46827c,,0,,
0x6a6d11ce4ccf2d43e61b7db1918768c5fdc14559,,0,,
0xf808adaab2b3a2dfa1d658cb9e187ff3b74cc0ac,,0,,
0x18ad8a3387aac16c794f3b14451c591fef0344fe,,0.01,,
0x288931fa76d7b0482f0fd0bca9a50bf0d22b9fef,,0,,
0x3c58492ad9cad0d9f8570a80b6a1f02c0c1da2c5,,70.3,,
0x70ce4bba5076fa59e4fbdee382663df78402f2e0,,30.31,,
0x66c19e3612efa7b18c18ee4d75a8aae1d7902225,,0,,
0xf7acc9e4e4f82300b9a92bc4d539c7928c23233b,,0,,
0x876133657f5356e376b7ae27d251444727ce9488,,0.24,,
0x561cbb53ba4d7912dbf9969759725bd79d920e2c,,0,,
0xa0e4b283a763372e5e03bd843dc8592917841660,,0,,
0x7003d82d2a6f07f07fc0d140e39ebb464024c91b,,0,,
0x758917f2c8d3192fc9f109fe1ee0556808248cc0,,0,,
0x22618bcfacd8edc20ddb4cc561728f0a56e28dc1,,0,,
0x7f538566f85310c901172142e8a9a892f0eaf946,,,2951.66,
0x8e9935504736e1716a9b64fe65791a59bb8b2a99,,0,,
0xca09db061f08c65c9d818afb9ae6ae75a56c6e9a,,0,,
0x5f3df357144f748d7d53f30719a6e4040e2c7d04,,0,,
0x7de837caff6a19898e507f644939939cb9341209,,0,,
0x26078aa092208d0a93a9c564a24619b9fbd105ff,,0,,
0x234fefcd8e45950495373e07ce1445881f44f0b6,,0,,
0xe84c01208c4868d5615fccf0b98f8c90f460d2b6,,0,,
0xbbd2f625f2ecf6b55dc9de8ec7b538e30c799ac6,,0,,
0xc725c98a214a3b79c0454ef2151c73b248ce329c,,0,,
0xe203096d7583e30888902b2608652c720d6c38da,,18.72,,
0x3c2cd38f3c8fec5a2b25fed33bc92885728a7fcf,,0,,
0x8f76d8d3c733b02b60521d8181598e4bc1e7dddb,,0,,
0xee06b95328e522629bce1e0d1f11c1533d9611ef,,0,,
0x58d9a499ac82d74b08b3cb76e69d8f32e1395746,,0,,
0x0000002e4f99cb1e699042699b91623b1334d2f7,,0,,
0xe27bdf8c099934f425a1c604dfc9a82c3b3dd458,,0,,
0x66fa22aefb2cf14c1fa45725c36c2542521c0d3e,,0,,
0x7c5534e88f8a7b3f81290a4372d85dbd4b9b2ae2,,0,,
0x3314033f626b27fe660a1fbf27d2f2066325f7e6,,90000,,
0xc493aa1ea56dfe12e3dc665c46e1425bc3ee426f,,0,,
0xb1d229741797536194f54892cb3aa7545fbf1450,,23750,,
0xf6fbdecb1193f6b15659ce747bfc561e06f1214a,,0,,
0x4d2010dfc88a89dd8479eeab8e5f95b4cffcde45,,0,,
0x3635364e89ef6e842dd16a4028df0a7124ca7a4a,,0,,
0x69b03bfc650b8174f5887b2320338b6c29150bce,,0,,
0xf8d5708b32616b6c85c97f5a9c344e6b7076fe98,,6.23,,
0x1536831a91f3a36824f331404206efcea1d686d6,,0,,
0x305b0ecf72634825f7231058444c65d885e1f327,,0,,
0x4b10da491b54ffe167ec5aaf7046804fada027d2,,0,,
0xddfe74f671f6546f49a6d20909999cfe5f09ad78,,0,,
0xf679a24bbf27c79db5148a4908488fa01ed51625,,0,,
0x6cb50febbc4e796635963c1ea9916099c69b4bd9,,0,,
0x3e27fd1a1ba6ae32958746424eb315c590e7af11,,0,,
0x3df83869b8367602e762fc42baae3e81aa1f2a20,,0,,
0x00aaea7b4dc89e4a4facda32da496ba5d8e1216d,,0,,
0x1c4e440e9f9069427d11bb1bd73e57458eea9577,,0,,
0x124904f20eb8cf3b43a64ee728d01337b1ddc2b1,,0,,
0x5fa5d55f11ba187d4c318b21a2c1b67714b5a9e4,,0,,
0xcdbe0c24c858a75eadc38eb9a8ddaee7f1598f71,0,0,,
0x23e59a5b174ab23b4d6b8a1b44e60b611b0397b6,,10496.86,,
0x0c6b4974c305447efccddeae7b726202eb0cc891,,0,,
0x369d092150201b0dab4ee942eb3f3972e4d73b67,,0,,
0xaf28e2a58ef2d6d88fb4cdc28f380908bade162b,,0,,
0x9664ca3827d81694aaf1b4c93891de770a9340cf,,0,,
0x3db6401fe220e686d535bcd88bf8b2e8b8c55482,,0,,
0x4ba91dd5d555eced4589e70dd1b9962773709406,,0,,
0x74231623d8058afc0a62f919742e15af0fb299e5,,0,,
0x39faef970fba6822cc99f0270b32170fe85b792e,,0,,
0xd379e6e98099a6c8ee68eabe356a5bb8e0df6ac7,,0,,
0x3af2098d4e068e5aa19d2102ef263d75867549ef,,0,,
0xb02f6c30bcf0d42e64712c28b007b85c199db43f,,0,,
0xb2dd7f7a0c94364067ade38ab28ad18d124bb329,,0,,
0xdfe18de4852ab020fc82502dce862b1f4206c587,,0,,
0x90fe1ad4f312dcce621389fc73a06dccfd923211,,0,,
0x3dc9c874fa91ab41dfa7a6b80aa02676e931aa9f,,1142.59,,
0xa4be84c37287350aa58eaea4d2f736463c03c893,,0,,
0x87a774178d49c919be273f1022de2ae106e2581e,,26,,
0x86d6facd0c3bd88c0e1e88b4802a8006ec46997b,,0,,
0x5ed2cf60a0c6ee2e3a9c9d07195ac183c09a3d9e,,612.87,,
0xc9f817ea7aabe604f5677bf9c1339e32ef1b90f0,,0,,
0x9c52dc78bd84007bf63987806f0aeeece0ef14a6,,0,,
0x4779c6a1cb190221fc152af4b6adb2ea5c5dbd88,,29.14,,
0xc0e2324817eaefd075af9f9faf52ffaef45d0c04,,0,,
0x679b4172e1698579d562d1d8b4774968305b80b2,,0,,
0x45f0c134bdb3f8870bf76e57bb8f7729530002af,,0,,
0x91953b70d0861309f7d3a429a1cf82c8353132be,,0,,
0x2908a0379cbafe2e8e523f735717447579fc3c37,0,0,,
0x6d9e32b4fecb5af4d6b2ff24279e5c92fcc9953f,,320.19,,
0x87376f16268a0b93055a6fbcbe94f093cb589b81,,0,,
0x394feae00cdf5ecb59728421dd7052b7654833a3,,0,,
0x99a58482bd75cbab83b27ec03ca68ff489b5788f,,0,,
0xdb4f969eb7904a6ddf5528ae8d0e85f857991cfd,,0,,
0x548e13ddc5e2c6bc9456648a9a487da335b6ec25,,27.89,,
0x8521cfdfd0fd1ac18520fa8f262eb948d4420c8a,,42,,
0xedb8260d0db635b1c8df7af174f0dafdb5a04716,,0,,
0xb4adf773309ea0e90031a3e2ab8bc0bc863afd3d,,0,,
0x14567c85977847836c17dd609a9bd767f3f03b51,,0.06,,
0x17757b0252c84341e243ff49eef8729efa32f5de,,0,,
0xf581e462dca3ea12fea1488e62d562defd06e7c3,,0,,
0xe3a08cce7e0167373a965b7b0d0dc57b6a2142f7,,0,,
0xc327f2f6c5df87673e6e12e674ba26654a25a7b5,,0,,
0xe9c8c25038bf05dfc4e408b42d5751ab6af30b85,,0,,
0x5179eab882e9f0822c87b24a48d6be45a4e7b7fb,,397.56,,
0x5b9a2267a9e9b81fbf01ba10026fcb7b2f7304d3,,0,,
0xb3b454c4b4a73ccdd5c79c8e0e4e703b478e872d,,0,,
0x9c52dc78bd84007bf63987806f0aeeece0ef14a6,,0,,
0x4779c6a1cb190221fc152af4b6adb2ea5c5dbd88,,29.14,,
0xc0e2324817eaefd075af9f9faf52ffaef45d0c04,,0,,
0x679b4172e1698579d562d1d8b4774968305b80b2,,0,,
0x45f0c134bdb3f8870bf76e57bb8f7729530002af,,0,,
0x91953b70d0861309f7d3a429a1cf82c8353132be,,0,,
0x2908a0379cbafe2e8e523f735717447579fc3c37,0,0,,
0x6d9e32b4fecb5af4d6b2ff24279e5c92fcc9953f,,320.19,,
0x87376f16268a0b93055a6fbcbe94f093cb589b81,,0,,
0x394feae00cdf5ecb59728421dd7052b7654833a3,,0,,
0x99a58482bd75cbab83b27ec03ca68ff489b5788f,,0,,
0xdb4f969eb7904a6ddf5528ae8d0e85f857991cfd,,0,,
0x548e13ddc5e2c6bc9456648a9a487da335b6ec25,,27.89,,
0x8521cfdfd0fd1ac18520fa8f262eb948d4420c8a,,42,,
0xedb8260d0db635b1c8df7af174f0dafdb5a04716,,0,,
0xb4adf773309ea0e90031a3e2ab8bc0bc863afd3d,,0,,
0x14567c85977847836c17dd609a9bd767f3f03b51,,0.06,,
0x17757b0252c84341e243ff49eef8729efa32f5de,,0,,
0xf581e462dca3ea12fea1488e62d562defd06e7c3,,0,,
0xe3a08cce7e0167373a965b7b0d0dc57b6a2142f7,,0,,
0xc327f2f6c5df87673e6e12e674ba26654a25a7b5,,0,,
0xe9c8c25038bf05dfc4e408b42d5751ab6af30b85,,0,,
0x5179eab882e9f0822c87b24a48d6be45a4e7b7fb,,397.56,,
0x5b9a2267a9e9b81fbf01ba10026fcb7b2f7304d3,,0,,
0xb3b454c4b4a73ccdd5c79c8e0e4e703b478e872d,,0,,
0xcf5c67136c5aafcdba3195e1da38a3ee792434d6,,37.73,,
0xacdceb490c614fa827c4f20710ee38e6b27d0eb2,,20.74,,
0x1b7ea7d42c476a1e2808f23e18d850c5a4692df7,0,,,
0xa9ce5196181c0e1eb196029ff27d61a45a0c0b2c,,0,,
0xc310a010e9349af5dcb8804c24bdc2b19b017d11,,0,,
0xd560fd84dab03114c51448ab97ad82d21cc3ceec,,0,,
0x14f78bdcccd12c4f963bd0457212b3517f974b2b,,0,,
0xc997b8078a2c4aa2ac8e17589583173518f3bc94,,0,,
0xdfdf626cd38e41c6f3cc72b271fe13303a224934,,0,,
0x840fe9ce619cfaa1be9e99c73f2a0ecbab99f688,,0,,
0x90a69b1a180f60c0059f149577919c778ce2b9e1,,0,,
0x41cc24b4e568715f33fe803a6c3419708205304d,,7.57,,
0x8fe8686b254e6685d38eabdc88235d74bf0cbead,,0,,
0x95d1c6ecb2951e3111333c987f8a0d939a9b7b09,,0,,
0x27291b970be79eb325348752957f05c9739e1737,,0,,
0xac944231b51968a6e08b8f7ec4845f2f3b28df75,,0,,
0xc825f4bdd2b6d0fac3148467b67641aabe942f7e,,0,,
0x97b10f1d005c8edee0fb004af3bb6e7b47c954ff,,0,,
0x53ba90071ff3224adca6d3c7960ad924796fed03,,147.74,,
0x2f0fdfc5c1f15a56017f3ed69a47abdcc0bb2ae7,0,,,
0xe693eb739c0be8c2bdd978c550b5d8b8022a8ada,,0,,
0xaf7ed02de4b8a8967b996df3b8bf28917b92edcd,,9.32,,
0xe8fddb45457cf34ebddcdb79c3fcfda311049aed,,0,,
0x2a1a1d4e4257dbba1136992577ff1b5efda1bb34,,0,,
0xc6c36027878ba38964e4d5a60ddb20d09565354e,0,,,
0x57b649e1e06fb90f4b3f04549a74619d6f56802e,,0,,
0x4135deb17102aeeda09f5748186a1aa5060b3bbb,,0,,
0x7eaf877b409740afa24226d4a448c980896be795,,0,,
0x6820572d10f8ec5b48694294f3fcfa1a640cff40,,0,,
0xad0a6c716bb43e58fe284e21d1234f14541f9478,,333.62,,
0x5d02957cf469342084e42f9f4132403ea4c5fe01,,0,,
0xbb02c110452ae7ab8eb369b77ad65bb6c18b4361,,0,,
0x729ad565b305be00729e0a5677401dca268e6d8a,0,6.1,,
0x184cbd89e91039e6b1ef94753b3fd41c55e40888,,0,,
0x5a5005833f3bbad1c12f0a1998cbd9a67393ae41,0,,,
0x4d7fe683e9fd9891d856b7b528656dcb493f8242,,0,,
0xbc7c5f21c632c5c7ca1bfde7cbff96254847d997,,0,,
0x7da66c591bfc8d99291385b8221c69ab9b3e0f0e,,0,,
0x40e652fe0ec7329dc80282a6db8f03253046efde,0,0,,
0xe21274b5c4cb75830f79d3a0dc38e7ee49ec5b17,0,0,,
0x056590f16d5b314a132bbcfb1283fec5d5c6e670,,0,,
0xabc508dda7517f195e416d77c822a4861961947a,,0,,
0x12b1c89124af9b720c1e3e8e31492d66662bf040,,0,,
0x6cc9b3940eb6d94cad1a25c437d9be966af821e3,,252.74,,
0xe146313a9d6d6ccdd733cc15af3cf11d47e96f25,,0,,
0x7e1ca6d381e2784db210442bfc3e2b1451f773fd,,46.64,,
0x0000000dbf80f29c9ed7d52116f3037f8deb1902,,0,,
0x64298a72f4e3e23387efc409fc424a3f17356fc4,,0,,
0xc19cf05f28bd4fd58e427a60ec9416d73b6d6c57,,0,,
0x3789c64cc3a8120a93e9483d526d44be7305e455,,27.89,,
0x57b649e1e06fb90f4b3f04549a74619d6f56802e,,0,,
0x4135deb17102aeeda09f5748186a1aa5060b3bbb,,0,,
0x7eaf877b409740afa24226d4a448c980896be795,,0,,
0x6820572d10f8ec5b48694294f3fcfa1a640cff40,,0,,
0xad0a6c716bb43e58fe284e21d1234f14541f9478,,333.62,,
0x5d02957cf469342084e42f9f4132403ea4c5fe01,,0,,
0xbb02c110452ae7ab8eb369b77ad65bb6c18b4361,,0,,
0x729ad565b305be00729e0a5677401dca268e6d8a,0,6.1,,
0x184cbd89e91039e6b1ef94753b3fd41c55e40888,,0,,
0x5a5005833f3bbad1c12f0a1998cbd9a67393ae41,0,,,
0x4d7fe683e9fd9891d856b7b528656dcb493f8242,,0,,
0xbc7c5f21c632c5c7ca1bfde7cbff96254847d997,,0,,
0x7da66c591bfc8d99291385b8221c69ab9b3e0f0e,,0,,
0x40e652fe0ec7329dc80282a6db8f03253046efde,0,0,,
0xe21274b5c4cb75830f79d3a0dc38e7ee49ec5b17,0,0,,
0x056590f16d5b314a132bbcfb1283fec5d5c6e670,,0,,
0xabc508dda7517f195e416d77c822a4861961947a,,0,,
0x12b1c89124af9b720c1e3e8e31492d66662bf040,,0,,
0x6cc9b3940eb6d94cad1a25c437d9be966af821e3,,252.74,,
0xe146313a9d6d6ccdd733cc15af3cf11d47e96f25,,0,,
0x7e1ca6d381e2784db210442bfc3e2b1451f773fd,,46.64,,
0x0000000dbf80f29c9ed7d52116f3037f8deb1902,,0,,
0x64298a72f4e3e23387efc409fc424a3f17356fc4,,0,,
0xc19cf05f28bd4fd58e427a60ec9416d73b6d6c57,,0,,
0x3789c64cc3a8120a93e9483d526d44be7305e455,,27.89,,
0x57b649e1e06fb90f4b3f04549a74619d6f56802e,,0,,
0x4135deb17102aeeda09f5748186a1aa5060b3bbb,,0,,
0x7eaf877b409740afa24226d4a448c980896be795,,0,,
0x6820572d10f8ec5b48694294f3fcfa1a640cff40,,0,,
0xad0a6c716bb43e58fe284e21d1234f14541f9478,,333.62,,
0x5d02957cf469342084e42f9f4132403ea4c5fe01,,0,,
0xbb02c110452ae7ab8eb369b77ad65bb6c18b4361,,0,,
0x729ad565b305be00729e0a5677401dca268e6d8a,0,6.1,,
0x184cbd89e91039e6b1ef94753b3fd41c55e40888,,0,,
0x5a5005833f3bbad1c12f0a1998cbd9a67393ae41,0,,,
0x4d7fe683e9fd9891d856b7b528656dcb493f8242,,0,,
0xbc7c5f21c632c5c7ca1bfde7cbff96254847d997,,0,,
0x7da66c591bfc8d99291385b8221c69ab9b3e0f0e,,0,,
0x40e652fe0ec7329dc80282a6db8f03253046efde,0,0,,
0xe21274b5c4cb75830f79d3a0dc38e7ee49ec5b17,0,0,,
0x056590f16d5b314a132bbcfb1283fec5d5c6e670,,0,,
0xabc508dda7517f195e416d77c822a4861961947a,,0,,
0x12b1c89124af9b720c1e3e8e31492d66662bf040,,0,,
0x6cc9b3940eb6d94cad1a25c437d9be966af821e3,,252.74,,
0xe146313a9d6d6ccdd733cc15af3cf11d47e96f25,,0,,
0x7e1ca6d381e2784db210442bfc3e2b1451f773fd,,46.64,,
0x0000000dbf80f29c9ed7d52116f3037f8deb1902,,0,,
0x64298a72f4e3e23387efc409fc424a3f17356fc4,,0,,
0xc19cf05f28bd4fd58e427a60ec9416d73b6d6c57,,0,,
0x3789c64cc3a8120a93e9483d526d44be7305e455,,27.89,,
0x7d6a2f6d7c2f7dd51c47b5ea9faa3ae208185ec7,,0,,
0x14c506c362698270a119e1fe59a5428621f4cebf,,0,,
0xb95a01d3b437c57631231bf995ca65678764b2e8,0,0,,
0x4fcd42eb2557e49c0201fb3283cff62c1baf0fb4,,0,,
0xa09dea781e503b6717bc28fa1254de768c6e1c4e,,25.69,,
0x989252fe804c3c1b15908c364aa5cda791030067,,37.99,,
0xbc4de0a59d8af0af3e66e08e488400aa6f8bb0fb,,0,,
0xe42ab6d6dc5cc1569802c26a25af993eef76caa2,,0,,
0x6d11937490234176e6229c4b80b27fedf237465f,,0.07,,
0x4950215d3cd07a71114f2dddafa1f845c2cd5360,,0,,
0x550586fc064315b54af25024415786843131c8c1,,0,,
0x7eee7d572148b3188412cc18b6d9632c2e78f182,,0,,
0xd71db81be94cba42a39ad7171b36db67b9b464c6,,0,,
0xbb2e54038196a51f6a42a9bb5ad6bd0eb2cf6c01,,0,,
0x5c6d32cbcb99722e6295c3f1fb942f99e98394e8,,0,,
0xe3a2ad75e3e9b893c8188030ba7f550fdfeeadac,,0,,
0xb78f2cd4749c854d0d312b35d7fabc2364228b50,,0,,
0x0000000002ce79aacd54227d2163ff3791338975,,0,,
0x6d5194ece4c937b58ee00c4238ef61e6b98eace8,,0,,
0x433b1b3bc573fcd6fdddcf9a72ce377db7a38bb5,0,0,,
0x0959158b6040d32d04c301a72cbfd6b39e21c9ae,,0,,
0x2e676e0f071376e12ed9e12a031d01b9b87f5878,,0,,
0x6e93e171c5223493ad5434ac406140e89bd606de,,0,,
0xfdf8146c2dbaf678a84797adecd62d0f3a51d365,,0,,
0xcf0dcc80f6e15604e258138cca455a040ecb4605,,0,,
0x24294915f8b5831d710d40c277916edc0fa0ec39,,0,,
0xbfc7e3604c3bb518a4a15f8ceeaf06ed48ac0de2,0,0,,
0x02df7e960ffda6db4030003d1784a7639947d200,,0,,
0xc7b42f99c63126b22858f4eed636f805cfe82c91,,0,,
0x86d2b66b977d8e99ac032ea58904065ca481359c,,0,,
0x648fa93ea7f1820ef9291c3879b2e3c503e1aa61,,0,0,
0xb2d818649db5d5fd462cec1f063dd1b8b8b7e106,,0,,
0xc316f415096223561e2077c30a26043499d579ad,,0,,
0x340bc7511e4e6c1cdd9dcd8f02827fd08edc6fb2,,0,,
0xc0ec0e2a7f526b2ebf5a7e199ff776a019f012c8,,23.18,,
0x39399b07c79dfc74827ba74f3b7b5a5d544db44a,,0,,
0x820a2943762236e27a3a2c6ea1024117518895a5,,0,,
0xb33cb651648a99f2ffff076fd3f645fac24d460f,,0,9737.54,
0x14019dbae34219efc2305b0c1db260fce8520dbf,,0,,
0xd9a859a420ddf413fbfcbc10bb7e16d773839004,,0,,
0x63b98c09120e4ef75b4c122d79b39875f28a6fcc,,11.5,,
0x64707d044389a2c00f5296b93ad3a7f6fd073bee,,12.68,,
0x48e9e2f211371bd2462e44af3d2d1aa610437f82,,0,,
0x69ee985456c52c85ba2035d8fd8bfe0a51f0e0d2,,0,,
0x66435387dce9f113be44d5e730eb1c068b328e93,,0,,
0x52eaa3345a9b68d3b5d52da2fd47ebfc5ed11d4e,,0,,
0x55b916ce078ea594c10a874ba67ecc3d62e29822,,0,,
0xce66c6a88bd7bec215aa04fda4cf7c81055521d0,,0,,
0x9d840dccb22e781e7f223ada4dc49e6734d2ce17,,0,,
0xfda1215797d29414e588b2e62fc390ee2949aaaa,,0,,
0x968e24c15a30d6ff1b67f590c1c3a7fcecb5c3fd,,0,,
0x525aadb22d87caa26b00587dc6bf9a6cc2f414e5,,0,,
0x8d4122ffe442de3574871b9648868c1c3396a0af,,45.99,,
0x42225b0c8c3f0c7c4d5b21a008a899e9a4992788,,0,,
0x7bb955249d6f57345726569ea7131e2910ca9c0d,,0,,
0xfae73e896f6e35bf60a52c4f7275381e8d0f6344,,0,,
0xc7964cf98eb028ad27855c78b30e2474f920f7e5,,0,,
0x652877aba8812f976345fef9ed3dd1ab23268d5e,0,0,,
0x4cc19a7a359f2ff54ff087f03b6887f436f08c11,,0,,
0xc315231efc43290770d310230faef444014b1d8d,,0,,
0x7e88276d8d638426f4cb3b4bbb5a9bf42c24075a,0,0,,
0x954e78ed6e442257e57cd15a2c6596c2032a900d,,0,,
0x0e0826998f02b2353499a12a0ea8d8eebe27567f,0,0,,
0x6cd83315e4c4bfdf95d4a8442927c018f328c9fe,,0,,
0xb47959506850b9b34a8f345179ed1c932aaa8bfa,,0,,
0xe463d56e80da7292a90faf77ba3f7524f0a0dccd,,0,,
0xf840aa35b73ee0bbf488d81d684706729aba0a15,,0,,
0xd2f1bbfbc68c79f9d931c1fad62933044f8f72c8,,0,,
0x9ef6f4729791ab7115555e869bb772061f95f115,,0,,
0x77ab999d1e9f152156b4411e1f3e2a42dab8cd6d,,141.02,,
0x58737a9b0a8a5c8a2559c457fcc9e923f9d99fb7,445825938426,0,,
0x0bf7fb51211b4842bad8e831ba2f42fcb836c7e1,0,0,,
0x5f074e4afb3547407614bc55a103d76a4e05ba04,,0,,
0x6afacda0fb548e8b3b68525629a2006a783bb6d6,,0,,
0xe58000ce4dd92a478959a24392d43d4c100c85fd,,0,,
0x3d4fcd5e5fcb60fca9dd4c5144aa970865325803,,0,,
0x4bf44e0c856d096b755d54ca1e9cfdc0115ed2e6,,184.17,,
0x15884abb6c5a8908294f25edf22b723bab36934f,,0,,
0xfec1561ac66d0b76d7caebe5386cda39a2056380,,0,,
0x4626751b194018b6848797ea3ea40a9252ee86ee,,26.24,,
0xa7e3fed558e81dab40cd87f334d68b0bf0ab3fd6,,0,,
0xd2f2f6b0f48e7a12496d8c9f7a2c18e6b76e49e0,,0,,
0xefbc103259b500ebe6408fc7c91535b0e158e22b,,0,,
0x8c35933c469406c8899882f5c2119649cd5b617f,,0,,
0xf3e9848d5acce2f83b8078ee21f458e59ec4289a,,0,,
0x08535bbdd792254c23d6fbe21c25252461e740b8,,0,,
0x7d0e6ae85c94922427f1b1a1d3022fa186ddb764,,0,,
0x5b45b0a5c1e3d570282bddfe01b0465c1b332430,,0,,
0xdeba22ef671936a5cb3964c8469fdc32cf745c0a,,0,,
0x839a55f1901778cf56f0c6e186947c8b700612c4,,0,,
0x848ab321b59da42521d10c07c2453870b9850c8a,,0,,
0x07f34c1ce9125ff59b80fb7bd7b0c7fae0838fd7,,0,,
0xb1be0000bfdcddc92a8290202830c4ef689dceaa,,0,,
0x26eddf190be39cb4daab274651c0d42b03ff74a5,,0,,
0xf269a21a2440224dd5b9dacb4e0759ecac1e7ef5,,0,,
0x7cdfc314b89a851054a9acc324171bf8a31593e9,,59.11,,
0xdecaf1d3c1b16e1ff8bc8fdc8d80d286d335e32e,,334.7,,
0x18bfbc081001d58c26e52f9b2d0299c0c887c9c7,,0,,
0x52c9a7e7d265a09db125b7369bc7487c589a7604,,,13915.59,
0x60fc79ec08c5386f030912f056dca91daec3a488,,0,,
0xe2bdae527f99a68724b9d5c271438437fc2a4695,,0,,
0xd3feedc8e702a9f191737c0482b685b74be48cfa,,0,,
0xd130ab894366e4376b1afe3d52638a1087be17f4,,4.01,,
0xd6f2bea66fcba0b9f426e185f3c98f6585c746d3,,155.79,,
0x4bd60086997f3896332b612ec36d30a6ad57928e,,0,,
0xa92ab746eac03e5ec31cd3a879014a7d1e04640c,,0,,
0xe105edc9d5e7b473251f91c3205bc62a6a30c446,,0,,
0x1ae02022a49b122a21bebe24a1b1845113c37931,0,,,
0xa9f15d180fa3a8bfd15fbe4d5c956e005af13d90,,0,,
0x90030396f05aa263776c15e418a908da4b018157,0,0,,
0xbbcde02c6c6b5e0ad7d9c34cb1a2786e8f7f5193,,0,,
0x8e8ae083ac4455108829789e8acb4dbdde330e2e,,0.2,,
0xde3e4d173f754704a763d39e1dcf0a90c37ec7f0,,0,,
0x00000000009726632680fb29d3f7a9734e3010e2,,2.13,,
0x3d63719699585fd0bb308174d3f0ad8082d8c5a2,,0,,
0x9260ae742f44b7a2e9472f5c299aa0432b3502fa,,0,,
0xe201fc1da79e71b953c07a1a24f5ad3c974f2813,,0,,
0x1202fba35cc425c07202baa4b17fa9a37d2dbebb,,0,,
0x1e6da01cf34373cf673434e51dc3124b70ba4663,,0,,
0x81fac8ed831262a4ced09bc0024bae266e6ae688,,0,,
0xc4ff293174198e9aeb8f655673100eeedcbbfb1a,,14.68,,
0x5767795b4efbf06a40cb36181ac08f47cdb0fcec,,0,,
0xdd11460317c683e4057e115eb14e1c9f7ca41e12,0,0,,
0xdf08e9d4ca290593acddb18363c49df35a060df2,,0,,
0x677f173390775e27277628eddaec5234bc368d89,,0,,
0x9f1f4714d07859dd4c8d1312881a0700ed1c2a7e,,87.54,,
0x682864c9bc8747c804a6137d6f0e8e087f49089e,,11.05,,
0xad503b72fc36a699bf849bb2ed4c3db1967a73da,,0,,
0x2a23d58ea4b5cc2e01ef53ea5de51447c2528f16,,0,,
0xd53adf794e2915b4f414be1ab2282ca8da56dcfd,,0,,
0x3e4d97c22571c5ff22f0daabda2d3835e67738eb,,,0,
0x877cea592fd83dcc76243636dedc31ca7ce46ce1,,0,,
0x5292cf4e13f7ed082ec2996f8f8a549a05b2e6af,,0,,
0x76a014267b1d9e375d4a84554504e366c7de1167,,0,,
0x3c5a438a2c19d024a3e53c27d45fafac9a45b4f7,0,0,,
0x46387563927595f5ef11952f74dcc2ce2e871e73,,61,,
0xfc748762f301229bcea219b584fdf8423d8060a1,0,0,,
0x9e16025a87b5431ae1371de2da7dca4047c64196,,0,,
0xcde68f6a7078f47ee664ccbc594c9026a8a72d25,,0,,
0xdd2c8ad91325012b65abbfdfad59cfa23117b3e5,,0,,
0x706cf4cc963e13ff6add75d3475da00a27c8a565,,0,,
0x977703e95678fd656cb980295fe6feca0583b61f,,0,,
0xb2e5f0c8932a5eb5e33c18963346300eb5496a9f,,0,,
0xa3f90e801cba1f94eb6501146e4e0e791444e4d3,,0,,
0xf35e261393f9705e10b378c6785582b2a5a71094,,0,,
0x7bf98085c8336a374436c91fcf664595f9ff3fd7,,0,,
0x22f5413c075ccd56d575a54763831c4c27a37bdb,,0,,
0x6fa54cbfdc9d70829ac9f110bb2b16d8c64fa91c,,0,,
0xec5b22756d0191fbbb4afffdd5ae2a660538d196,,0,,
0xf5ca1b4f227257b5367515498b38908d593e1ebe,0,0,,
0x9ae3821d72b53f767f5b72c9630ce864c54c09bc,,1000,,
0xde94c4e276f47f9c310572d3b3fd9bccbc42c0ec,,0,,
0x8d9261369e3bfba715f63303236c324d2e3c44ec,,0,,
0x5edf82a73e12bca1518ea40867326fddc01b4391,,82.75,,
0x7d23f93e0e7722d40eada37d5afb8bd9c6f57677,,0,,
0xaf812e8babab3173edce179fe6fc6c2b1c482e39,,0,,
0x70ec7d795db10c5c27d07c926fd0e0a2bb9bf77b,,0,,
0x9df80329680718d269d7926d3375fe08c829d4e5,,0,,
0x6b434f8e80e8b85a63a9f4ff0a14eb9568a827c8,,0,,
0x23807719299c9ba3c6d60d4097146259c7a16da3,,0,,
0xe58c7ff7e492f1d90e7e532e3fb3eaa4d72c7c46,,0,,
0xd5ae1639e5ef6ecf241389894a289a7c0c398241,,0,,
0x40c5a7b9dad9463ccf0cbafea05ceda768962947,0,0,,
0x8525664820c549864982d4965a41f83a7d26af58,,0,,
0x38f733fb3180276be19135b3878580126f32c5ab,,0,,
0x56a201b872b50bbdee0021ed4d1bb36359d291ed,0,0,,
0x19831b174e9deabf9e4b355aadfd157f09e2af1f,,0,,
0x39af01c17261e106c17bab73bc3f69dfdaae7608,,0,,
0x93f7436fdecd7dffa34e19878ff32454a76c7634,,0,,
0xc83414abb6655320232faa65ea72663dfd7198ec,,0,,
0x5068aed87a97c063729329c2ebe84cfed3177f83,,0,,
0xdef171fe48cf0115b1d80b88dc8eab59176fee57,,0,,
0x80a2527a444c4f2b57a247191cdf1308c9eb210d,,0,,
0x9b96698cffdb410cace39e5187b8bc64b516ac8a,,0,,
0xf4c586a2dcd0afb8718f830c31de0c3c5c91b90c,,0,,
0x13ebb0a690b0c7eba90893f7ec300a099a32c322,,0,,
0xe066684f0ff25a746aa51d63ba676bfc1d38442d,,0,,
0xe2cdf066eee46b2c424dd1894b8ae33f153f533c,,0,,
0xaffa4d2ba07f854f3dc34d2c4ce3c1602731043f,,0,,
0x0ce72b7dde6ea0e9e8feeb634fcd9245e81d34f3,,0,,
0xe63e2cdd24695464c015b2f5ef723ce17e96886b,,0,,
0x3d7cde7ea3da7fdd724482f11174cbc0b389bd8b,,0,,
0x1416c1fed9c635ae1673118131c0880fcf71e3f3,,0,,
0x9fa7fba664a08e5b07231d2cb8e3d7d1e5f4641c,,0,,
0x5270b883d12e6402a20675467e84364a2eb542bf,,0,,
0x5ab404ab63831bfcf824f53b4ac3737b9d155d90,,0,,
0x75a158b6939d9abc27b5e3ea9e79c11302cec60c,,111.57,,
0xe5d36124de24481dac81cc06b2cd0bbe81701d14,,50,,
0x84cc646eb2891f1b5314ba6e2bb5886f1ffcae0a,,0,,
0x8bb62ef3fdb47bb7c60e7bcdf3aa79d969a8be9c,,0,,
0xf092ca027a2dc87d60586c658d8279018c4a6c74,,0,,
0xa4f1b0889354b88caacc8142ee0601d8920ae776,,,0,
0x1fc84da8c1dfd00a7f6d0970ed779cec0bbf9ca4,,236.66,,
0x227b5a7e3f56cba0cbd747760e43f5c408a13541,,0,,
0xb615e3e80f20bea214076c463d61b336f6676566,,0,,
0x1111111254eeb25477b68fb85ed929f73a960582,,0,,
0x6d253d11789415eb1d32d753956fe9ac78bd61b0,,0,,
0x8a8b65af44adf126faf6e98ca02174dff2d452df,,0,,
0xd6ff57479699e3f93ffd68295f3257f7c07e983e,,0,,
0xef49ffe2c1a6f64cfe18a26b3efe7d87830838c8,,0,,
0xf87aedfbb53d7db34c730a50b480f5717860d0bf,,0,,
0x52d3aba582a24eeb9c1210d83ec312487815f405,,0,,
0x1d264de8264a506ed0e88e5e092131915913ed17,,0,,
0x642c9e3d3f649f9fccb9f28707a0260ba1e156b1,,0,,
0x00ea27d7da1c0fc27a198374004efe546f655aef,,0,,
0x38c5ca4ee678d4f9d8d94a7f238e2700a8978b36,,0,,
0x4e51f0a242bf6e98be03eb769cc5944831dce87a,,0,,
0x997563ba8058e80f1e4dd5b7f695b5c2b065408e,,0,,
0x96d48b045c9f825f2999c533ad56b6b0fca91f92,0,0,,
0x8afcd552709bac70a470ec1d137d535bfa4fadee,,0,0,
0xa31cff6aa0af969b6d9137690cf1557908df861b,,0,,
0x4f70ffddab3c60ad12487b2906e3e46d8bc72970,,0,,
0x82f402847051bddaab0f5d4b481417281837c424,,82.31,,
0x9edaff6744d6f539298cddd8c0171b774be2b86d,,0,,
0x995d1e4e2807ef2a8d7614b607a89be096313916,,5.34,,
0x941169fff3c353be965e3f34823eea63b772219c,,0,,
0x735cab9b02fd153174763958ffb4e0a971dd7f29,,0,,
0xde975401d53178cdf36e1301da633a8f82c33cef,,0,,
0x0562695929503e930de265f944b899debf93df7c,,0,,
0x9142a918df6208ae1be65e2be0ea9dad6067155e,,0,,
0x951b928f2a8ba7ce14cc418cfebfee30a57294c3,,0,,
0x104f621b57dc5c928cfea658fa3df1a7310be2df,,0,,
0x1dd6ac8e77d4c4a959bed5d2ae624d274c46e8bd,0,0,0,
0x09ea3281eeb7395dad7851e7e37ad6aff9d68a4c,,0,,
0xeaa096218588303897afbc83679982347947f4d6,,0,,
0xe9b05bc1fa8684ee3e01460aac2e64c678b9da5d,,0,,
0x4330c25c858040adbda9e05744fa3adf9a35664f,,0,,
0xea3154098a58eebfa89d705f563e6c5ac924959e,,0,,
0x50619098d7ddd7a12b38e9ca8203b981c17eb7ed,0,,,
0x7568614a27117eeeb6e06022d74540c3c5749b84,0,0,,
0x2f62960f4da8f18ff4875d6f0365d7dbc3900b8c,,0,,
0xba121d80c8cac15fc960bdee1b0af7eea9084526,,0,,
0x00f244126b1f29b50d45464f08de883f1ff2fb7c,,14.23,,
0x88f667664e61221160ddc0414868ef2f40e83324,,0,,
0x5c9d09716404556646b0b4567cb4621c18581f94,,0.97,,
0x1309df760d05a7e9ba396d9a6f8dd4305c4d25bf,,0,,
0xad7bbd9e7fbcdbf80199e940d0a8a6f2d690457d,,0,,
0x5500aa1197f8b05d7caa35138e22a7cf33f377d6,,0,,
0x85bbe859d13c5311520167aad51482672eea654b,,0,,
0x3c7560edeee5b60e4a6c7abebaa971065b2242b4,,0,,
0x3a7268413227aed893057a8eb21299b36ec3477e,0,0,,
0xe4bf6e1967d7bc0bd5e2c767c3a2ccadf23446df,,0,,
0x15d6d330f374a796210efc1445f1f3ea07a0b1ef,,0,,
0x333ad4bd869b12fb3b1c883cf2f1c89b685e018c,,0,,
0x5f26e116a8c932e3ec74d92b8bfab4bc69acd086,,0,,
0x7d50bfead43d4fdd47a8a61f32305b2de21068bd,,0,,
0x7d31bf47dda62c185a057b4002f1235fc3c8ae82,,0,,
0x6eb211caf6d304a76efe37d9abdfaddc2d4363d1,,0,,
0x26e8f0f1dfd919034c909055e90b0b70adfb7047,,0,,
0x4dae7e6c0ca196643012cdc526bbc6b445a2ca59,,0,,
0x4282341588f94c158bfaa40ae2c9f3abfdac647f,,1.8,,
0xa86e29ad86d690f8b5a6a632cab8405d40a319fa,,,1755.28,
0x888e552fc9a9dbfaa5b854bc6f128c1a4142ad28,,0,,
0x1544e8c4736b47722e0af9d44a099f14a96aac84,,,0,
0x5f14dd7d03ed2de199bba7b12f4684ecebdaa407,,0,,
0xefaa5fe183b7cbe2772fe4ac88831b7aa6c37422,,0,,
0xa24e91f2684a69ffe0a10a5cc384f9e0b163dd8b,,0,,
0x2972bf9b54ac5100d747150dfd684899c0abec5e,0,0,,
0x07a59461f6d849cfb1f7e27288501a4c7370e006,,0,,
0x9b04ea8897dfa0a817403acaccdb24df019c7085,0,0,,
0x562f223a5847daae5faa56a0883ed4d5e8ee0ee0,,0,,
0xcba1a275e2d858ecffaf7a87f606f74b719a8a93,0,0,,
0x89979246e8764d8dcb794fc45f826437fdec23b2,,0,,
0x68572eacf9e64e6dcd6bb19f992bdc4eff465fd0,,2000,,
0x9ba956e1c9417ca7223de8684619414d5dffd9e2,,0,,
0xf6f6d531ed0f7fa18cae2c73b21aa853c765c4d8,,0,,
0x78320e6082f9e831dd3057272f553e143dfe5b9c,,11.51,,
0xf9383a2d0d81ee4046f83ce1b5d8580834333470,,0,,
0x4bcbb32e470627ab0d767ac56bbcb2c33c181bce,,0,,
0x3c087171aebc50be76a7c47cbb296928c32f5788,,0,,
0xa1c83e4f6975646e6a7bfe486a1193e2fe736655,,0,,
0x02009370ff755704e9acbd96042c1ab832d6067e,,0,,
0x7aaee144a14ec3ba0e468c9dcf4a89fdb62c5aa6,,0,,
0xc5581f1ae61e34391824779d505ca127a4566737,,0,,
0x2f0424705ab89e72c6b9faebff6d4265f9d25fa2,,0,,
0x10e03eb5950bea08bb882e3ff01286665f209f97,,0,,
0x8f69232220e7689023279db7ca82915c8781f5e0,,0,,
0xfd459e98faccb98838440db466f01690322a721c,,0,,
0xda8c9d1b00d12ddf67f2aa6af582fd6a38209b39,,0,,
0x237daad83c82e0be93dc5007987f2c232db1638c,,0,,
0x0e38a4b9b58abd2f4c9b2d5486ba047a47606781,,0,,
0xc5df8672232f1c2b75310e4f2b80863721705a12,,0,,
0x0af4a5c820cc97fc86d9be25d3cd4791ed436866,0,0,,
0xaef29b25e1235e52d592a50d1ff05e60792c9552,,0,,
0xd3765592d1bbfc7ec04e9011861d75b07a3c935b,,0,,
0x498b859d2e59958e209d7dd262324c8d31b12b12,,2290.66,,
0x3b55df245d5350c4024acc36259b3061d42140d2,,0,,
0x141b5a59b40efcfe77d411cad4812813f44a7254,,0,,
0xd81a2cc2596e37ae49322edb198d84dc3986a3ed,,0,,
0xde8f5884d6ed8093611c9c1421879069d4a862ac,,0,,
0xe1d045be479ce7127186896a0149aac7137b455e,,0,,
0xc1fb2f35761a92b6f0b5ba524b2b22285a27b4ed,,0,,
0x0716a17fbaee714f1e6ab0f9d59edbc5f09815c0,,42,,
0xc6e76a8ca58b58a72116d73256990f6b54edc096,,133.96,,
0x2df56902daed94248df3ace6efb8a259e9fe525f,,0,,
0x81c46feca27b31f3adc2b91ee4be9717d1cd3dd7,,0,,
0xa734439d26ce4dbf43ed7eb364ec409d949bb369,,0,,
0x508708fde79d67219016368d682cc2ab6d47d7d5,,0,,
0x0b3f6d4a5d6835137ccb2c1248f5a7d882c0dbda,,0,,
0x297751960dad09c6d38b73538c1cce45457d796d,,0,,
0x4ceb640af5c94ee784eefae244245e34b48ec4f6,,0,,
0x6f9cee855cb1f362f31256c65e1709222e0f2037,,0,,
0xf021f084477242fe6835c67234b4345de4db19e1,,0,,
0x1348ea8e35236aa0769b91ae291e7291117bf15c,,0,,
0x3a1bc767d7442355e96ba646ff83706f70518daa,,0,,
0x8a9c930896e453ca3d87f1918996423a589dd529,,2.01,,
0xfe7a7f227967104299e2ed9c47ca28eadc3a7c5f,,0,,
0xd3c1e750b5664170f4af828145295b678bafd460,,0,,
0xc2ac0d788a6c574a76ded79b9373679850c2678f,,0,,
0xcada41bdb95227ee3f3c2f4a37a843d384fbb48d,,0,,
0x2bc5ffc5de1a83a9e4cddfa138baed516d70414b,,0,,
0xc3253e06fa7a2e4a3cd26cb561af4af83466902d,,46.54,,
0x6a93946254899a34fdcb7fbf92dfd2e4ec1399e7,,0,,
0xdb2480a43c79126f93bd5a825dc0cba46d7c0612,,0,,
0x1571eb601ee506079a2031adb5cb10722a3a866f,,0,,
0x5ec6bc92395bfe4dfb8f45cb129ac0c2f290f23d,,0.8,,
0x82ff15f5de70250a96fc07a0e831d3e391e47c48,,0,,
0xd9da13de745bfa50ffaafd0a531b92f0511b72cf,0,0,,
0x559fb65c37ca2f546d869b6ff03cfb22dafde9df,,0,,
0x8eb354f1cbb0ab7ef0d038883b4c1065e008453f,,0,,
0x78fd06a971d8bd1ccf3ba2e16cd2d5ea451933e2,,0.05,,
0xf9563a8dab33f6beab2abc34631c4eaf9ecc8b99,,20.91,,
0x4a52078e4706884fc899b2df902c4d2d852bf527,,20.32,,
0x0e3eb2eab0e524b69c79e24910f4318db46baa9c,,0,,
0x20798fd64a342d1ee640348e42c14181fdc842d8,,0,,
0xa0cd3faf3c370e7448d08f0b3c45703eb61a1974,,0,,
0x58e4e9d30da309624c785069a99709b16276b196,,0,,
0x0c46f12612dbc8b10ff4c5385d10c12052b95b99,,0,,
0x4319fbf2c6b823e20edaa4002f5eac872ccad3bd,0,0,,
0xb5d0374f0c35cf84f495121f5d29ea9275414de8,,28.36,,
0x7d51910845011b41cc32806644da478feff2f11f,,0,,
0xcbf3d4ab955d0be844dbaed50d3a6e94ada97e8b,,0,,
0x80b6e8628baddf199acf45b50db839ca65cdb539,,0,,
0x8d06ffb1500343975571cc0240152c413d803778,,0,,
0xee7840dac7c3ec2ccde49517fd3952e349997ab5,,0,,
0xbf68f1ce39ed3bd9b20944260aa678bb934d164b,,0,,
0xacc53f19851ce116d52b730aee8772f7bd568821,,0,,
0x0f3a1e840f030617b7496194dc96bf9be1e54d59,,0,,
0xf501c1084d8473399fa01c4f102fa72d0465192c,,0,,
0x6817be388a855cfa0f236adcebb56d7dc1dbd0cf,,0,,
0xd8388ad2ff4c781903b6d9f17a60daf4e919f2ce,,,18909.81,
0xeafc0e4acf147e53398a4c9ae5f15950332cce06,,0,,
0x8fe316b09c8f570fd00f1172665d1327a2c74c7e,,0,,
0x60e8b62c7da32ff62fcd4ab934b75d2d28fe7501,,0,,
0xf7a7ae64cf9e9dd26fd2530a9b6fc571a31e75a1,0,0,,
0x5c2e7837a5dc5d07c6977bfedb46a1f3ec6a5a77,,0,,
0xa79828df1850e8a3a3064576f380d90aecdd3359,0,0,,
0xe1e98eae1e00e692d77060237002a519e7e60b60,,0,,
0xdf02a9ba6c6a5118cf259f01ed7a023a4599a945,,4721.85,,
0x270990d832c7e0145e62e5bdf7fce719f504d48d,,0,,
0xfb5caae76af8d3ce730f3d62c6442744853d43ef,,0,,
0x5c0ed0a799c7025d3c9f10c561249a996502a62f,,0,,
0x839191e5a1001342ef0582e1f3fbe3d9753ef222,,0,,
0xe2dc368cf962426efa08b60c9570b19618b5e672,,0,,
0xf1a621fe077e4e9ac2c0cefd9b69551db9c3f657,,0,,
0x0469e94f1adc4d06120fac04f48fb8b97a742ca1,,0,,
0xe88a280b0434f0523c99455d2d6fb0e2e5be088c,,0,,
0xdc2133d7ff0c38e0d022f319971c5391fa5b8d5b,,143,,
0x74de5d4fcbf63e00296fd95d33236b9794016631,,0,,
0xc940a80b7ceeaf00798b9178e63210ffcd23ba9b,,0,,
0xc1f80163cc753f460a190643d8fcbb7755a48409,,0,,
0x86642f87887c1313f284dbec47e79dc06593b82e,,1,,
0x0f101ccdd4673316933339c8fba5fc3b262cf4cb,,0,,
0x2329d6d67dc1d4da1858e2fe839c20e7f5456081,,0,,
0x9918740aaaaed3166255677f8f30d018b8c75370,,223.13,,
0xcfcdcde4d1c654ed980b4b3f6ff782194b3aa666,,0,,
0xe7453d383eb7d1d2c34e62ab0c1a3865b064babb,,0,,
0x77bd7d6d8e6cb76032ff6a96921d81a98baf3637,,0,,
0x11e2497aa81e45e824a4a4ea8fd941a1059ed333,,0,,
0xf2d47e78dea8e0f96902c85902323d2a2012b0c0,,167.35,,
0x6fcec9fc51359765d89dcdcf0e22dc96c26280b2,,0,,
0x34c3a5ea06a3a67229fb21a7043243b0eb3e853f,,16.5,,
0x5f5ad340348cd7b1d8fabe62c7afe2e32d2de359,,0,,
0x51b2adf97650a8d732380f2d04f5922d740122e3,,0,,
0xc2820f702ef0fbd8842c5ce8a4fcac5315593732,,0,,
0x4515957daf1c5a1cd2e24d000e909a0ff6be1975,,0,,
0x808995e68a45b4d5a1ba61429882b47011e96c79,,0,,
0x7b0391c88672f61c6a298afba746ce359fdaf6e6,,0,,
0x1df00f89bf7fdcda1701a6787661a8962cd49ef0,,0,,
0x9b54ede44b624e057aa948308e0c10d91bfd59e6,,0,,
0x224e69025a2f705c8f31efb6694398f8fd09ac5c,,0,,
0xe105eac05168e75657fb7048b481a17a53af91e8,0,,,
0x0933f554312c7bcb86df896c46a44ac2381383d1,,0,,
0xbaec6ed4a9c3b333e1cb20c3e729d7100c85d8f1,0,0,,
0x8a8073ce976490d9e13953b3d85a65476f27712f,,0,,
0x047b22bfe547d29843c825dbcbd9e0168649d631,,13.72,,
0x974dadf4837b8618c80bf9212e0a7590402a5752,,0,,
0xf80cde9fbb874500e8932de19b374ab473e7d207,,0,,
0x7c27a1f60b5229340bc57449cfb91ca496c3c1c1,,0,,
0xe6c62ce374b7918bc9355d13385a1fb8a47cf3e0,,0,,
0xc1d1f253e40d2796fb652f9494f2cee8255a0a4f,,0,,
0xd360ecb91406717ad13c4fae757b69b417e2af6b,,0,,
0x122de1514670141d4c22e5675010b6d65386a9f6,,0,,
0xc65f06b01e114414aac120d54a2e56d2b75b1f85,0,0,,
0x9a9f7885a9a0b9efd48d1eafa17e2e633f89e609,,0,,
0x53dc93b33d63094770a623406277f3b83a265588,,25.49,,
0xa8ee3e3c264d6034147fa1f21d691bac393c7d94,,0,,
0x53222470cdcfb8081c0e3a50fd106f0d69e63f20,,0,,
0x5ea7ea516720a8f59c9d245e2e98bca0b6df7441,,831.06,,
0x6dffff3149b626148c79ca36d97fe0219cb66a6d,,582.45,,
0xc1e607b7730c43c8d15562ffa1ad27b4463dc4c4,,910.28,,
0x55179ffefc2d49dab14ba15d25fb023408450409,,0,,
0xe495d8c21bb0c4ab9a627627a4016df40c6daa74,,0,,
0x404a75f728d7e89197c61c284d782ec246425aa6,,0,,
0x39a8fa36ca6ee87bf5062ffeabc43249ca572666,,0,,
0x3822bbbd588fe86964c7751d6c6a6bd010927307,0,0,,
0xab557f77ef6d758a18df60acfacb1d5fee4c09c2,,0,,
0x8ac9db9c51e0d077a2fa432868eafd02d9142d53,,0,,
0xff6bdfc378be9bb2fcd8b081aa15f2bdaeb0f441,,0,,
0xff961ed9c48fbebdef48542432d21efa546ddb89,,0,,
0xf5bf009bec4cbb93e9571ffb7e1428fffd398191,,0,,
0x7379a8357e5791fbd3b77c3ba380f7fe850c13f0,,0,,
0x7482fe6a86c52d6eeb42e92a8f661f5b027d4397,,0,,
0x51001383c0283736664b0a81e383148af7050890,,0,,
0x569fa8c1e62feab5b93a6252ddb8c0fd29423c50,,0,,
0x44db0002349036164dd46a04327201eb7698a53e,,0,,
0x7bd5d9279414a7d5c3b17916a916f0c7fd2c593b,,0,,
0x19a4fe7d0c76490cca77b45580846cdb38b9a406,,0.57,,
0xc73e258784a41d10ee5823c12e97806551bc8eec,,0,,
0x41eff4e547090fbd310099fe13d18069c65dfe61,,0,,
0x072fa8a20fa621665b94745a8075073ceadfe1dc,,85.83,,
0x2adc4d8e3d2df0b37611130bc9ed82cdfa3e2762,0,0,,
0xe09c29f85079035709b0cf2839750bcf5dcde163,,0,,
0xf83a182bae282d6d7dc6011a8c8fece73da37e5c,,0,,
0xcafbfa9a10794f756f87ec6fcc1b3c23f9b556df,,9308,,
0x5853ed4f26a3fcea565b3fbc698bb19cdf6deb85,,0.75,,
0x1c0f042ae8dffbac8113e3036d770339ab491a85,,0,,
0xeaa4f3773f57af1d4c7130e07cde48050245511b,,0,,
0x027be82bf7895db5fc1fea5696117e875bbcc0de,,0,,
0x00c2cdfd0ccf699632d87bac5802e9136f9989e2,,0,,
0x54e7efc4817ceee97b9c9a8e87d1cc6d3ec4d2e1,,0,,
0x9532af5d585941a15fdd399aa0ecc0ef2a665daa,,540.08,,
0x5add1cec842699d7d0eaea77632f92cf3f3ff8cf,,0,,
0x32a59b87352e980dd6ab1baf462696d28e63525d,,0,,
0x0017dfe08bcc0dc9a323ca5d4831e371534e9320,,0,,
0x4c7b7ba495f6da17e3f07ab134a9c2c79df87507,,0,,
0xdd9f24efc84d93deef3c8745c837ab63e80abd27,,0.06,,
0x6343b307c288432bb9ad9003b4230b08b56b3b82,,0,,
0xa96fadab25a05dca522053908be92e8ce56529fc,,0,,
0x9c8fc7e1beaa9152b555d081c4bcc326cb13c72b,,0,,
0x7122db0ebe4eb9b434a9f2ffe6760bc03bfbd0e0,,0,,
0x15ad9ef623b0d635f2eebf20e0548121cbafc719,,0,,
0xe249d1be97f4a716cde0d7c5b6b682f491621c41,,0,,
0x36b9ab68d5999f060fe8db71e35c8b5201313178,,0,,
0xc0eb311c2f846bd359ed8eaa9a766d5e4736846a,,0,,
0xaa44cac4777dcb5019160a96fbf05a39b41edd15,,13.76,,
0x49c3feafddaefc3bed06f4ff87ce86610c2c1076,,0,,
0xd6385a1d4a62233f6adbaecfd60ac674f69820b0,,0,,
0x70c6e66f75aa2cdfe899ef12397217d62d3eaeba,,0,,
0x34a649fde43ce36882091a010aae2805a9fcff0d,,0,,
0x6872a46f83af5cc03a704b2fe250f0b371caf7d0,,14.73,,
0xa82240bb0291a8ef6e46a4f6b8abf4737b0b5257,0,0,,
0x3c5aac016ef2f178e8699d6208796a2d67557fe2,,400,,
0x85ed5d7d62cc5d33ac57c1814faabc648aec81e8,,0,,